{
    "Train": {
        "H@1": 0.6066909509202454,
        "H@3": 0.8105828220858896,
        "H@10": 0.9320360429447853,
        "MRR": 0.7253983647166614
    },
    "Val": {
        "H@1": 0.566717791411043,
        "H@3": 0.7645705521472392,
        "H@10": 0.8957055214723927,
        "MRR": 0.6845375797411356
    },
    "Test": {
        "H@1": 0.5363086232980333,
        "H@3": 0.7473524962178517,
        "H@10": 0.903177004538578,
        "MRR": 0.6642676518868553
    }
}