{
    "Train": {
        "H@1": 0.30205138036809814,
        "H@3": 0.5284700920245399,
        "H@10": 0.700920245398773,
        "MRR": 0.44990100929813404
    },
    "Val": {
        "H@1": 0.2860429447852761,
        "H@3": 0.5023006134969326,
        "H@10": 0.6825153374233128,
        "MRR": 0.43271819521992005
    },
    "Test": {
        "H@1": 0.3124054462934947,
        "H@3": 0.5158850226928896,
        "H@10": 0.6989409984871406,
        "MRR": 0.45390196303487484
    }
}