{
    "Train": {
        "H@1": 0.013420245398773007,
        "H@3": 0.04677914110429448,
        "H@10": 0.12068634969325154,
        "MRR": 0.06017893031073614
    },
    "Val": {
        "H@1": 0.010736196319018405,
        "H@3": 0.03450920245398773,
        "H@10": 0.1111963190184049,
        "MRR": 0.05446832489990337
    },
    "Test": {
        "H@1": 0.00832072617246596,
        "H@3": 0.040090771558245086,
        "H@10": 0.12481089258698941,
        "MRR": 0.05597295318604539
    }
}