{
    "Train": {
        "H@1": 0.0183090490797546,
        "H@3": 0.03978144171779141,
        "H@10": 0.07218174846625768,
        "MRR": 0.05114796029520054
    },
    "Val": {
        "H@1": 0.015337423312883436,
        "H@3": 0.032208588957055216,
        "H@10": 0.07745398773006135,
        "MRR": 0.04731506362941928
    },
    "Test": {
        "H@1": 0.018154311649016642,
        "H@3": 0.037065052950075644,
        "H@10": 0.07110438729198185,
        "MRR": 0.049645747086721766
    }
}