{
    "Train": {
        "H@1": 0.012845092024539878,
        "H@3": 0.04620398773006135,
        "H@10": 0.11800230061349694,
        "MRR": 0.05961826012349389
    },
    "Val": {
        "H@1": 0.011503067484662576,
        "H@3": 0.0352760736196319,
        "H@10": 0.11042944785276074,
        "MRR": 0.055303406639560085
    },
    "Test": {
        "H@1": 0.007564296520423601,
        "H@3": 0.04084720121028744,
        "H@10": 0.12329803328290469,
        "MRR": 0.056021889836921905
    }
}