{
    "Train": {
        "H@1": 0.17225843558282208,
        "H@3": 0.33138420245398775,
        "H@10": 0.5219516871165644,
        "MRR": 0.29235465240777164
    },
    "Val": {
        "H@1": 0.15107361963190183,
        "H@3": 0.3113496932515337,
        "H@10": 0.504601226993865,
        "MRR": 0.27207558196530035
    },
    "Test": {
        "H@1": 0.17473524962178516,
        "H@3": 0.3434190620272315,
        "H@10": 0.5552193645990923,
        "MRR": 0.30177678371446987
    }
}