{
    "Train": {
        "H@1": 0.015337423312883436,
        "H@3": 0.04217791411042945,
        "H@10": 0.09921395705521473,
        "MRR": 0.05616534776669804
    },
    "Val": {
        "H@1": 0.013803680981595092,
        "H@3": 0.040644171779141106,
        "H@10": 0.09585889570552147,
        "MRR": 0.05401390477221866
    },
    "Test": {
        "H@1": 0.01059001512859304,
        "H@3": 0.039334341906202726,
        "H@10": 0.09757942511346444,
        "MRR": 0.05252307145115
    }
}