{
    "Train": {
        "H@1": 0.24252300613496933,
        "H@3": 0.4002108895705521,
        "H@10": 0.6512653374233128,
        "MRR": 0.3679321629543016
    },
    "Val": {
        "H@1": 0.24309815950920247,
        "H@3": 0.3834355828220859,
        "H@10": 0.6311349693251533,
        "MRR": 0.361304290143573
    },
    "Test": {
        "H@1": 0.2329803328290469,
        "H@3": 0.3940998487140696,
        "H@10": 0.640695915279879,
        "MRR": 0.3594279287871251
    }
}