{
    "Train": {
        "H@1": 0.19027990797546013,
        "H@3": 0.3138420245398773,
        "H@10": 0.4762269938650307,
        "MRR": 0.29693064816814924
    },
    "Val": {
        "H@1": 0.18174846625766872,
        "H@3": 0.2929447852760736,
        "H@10": 0.4493865030674847,
        "MRR": 0.2843713521141761
    },
    "Test": {
        "H@1": 0.20121028744326777,
        "H@3": 0.32526475037821484,
        "H@10": 0.481089258698941,
        "MRR": 0.3052608485763262
    }
}