{
    "Train": {
        "H@1": 0.8866947852760736,
        "H@3": 0.9498657975460123,
        "H@10": 0.9930023006134969,
        "MRR": 0.9240321750660706
    },
    "Val": {
        "H@1": 0.4708588957055215,
        "H@3": 0.6794478527607362,
        "H@10": 0.8826687116564417,
        "MRR": 0.6071084092944872
    },
    "Test": {
        "H@1": 0.4689863842662632,
        "H@3": 0.6732223903177005,
        "H@10": 0.8963691376701967,
        "MRR": 0.6051385143699972
    }
}