{
    "num_train_triples": 10432,
    "num_entities": 135,
    "num_relations": 92,
    "runtime_kg_loading": 0.12154102325439453,
    "EstimatedSizeMB": 0.006927490234375,
    "NumParam": 7264,
    "path_experiment_folder": "/home/dice/Desktop/dice-embeddings/examples/Experiments/2023-08-15 18:25:16.475825",
    "Runtime": 14.658576965332031
}