{
    "Train": {
        "H@1": 0.58732745398773,
        "H@3": 0.8005176380368099,
        "H@10": 0.9191909509202454,
        "MRR": 0.7101392207666912
    },
    "Val": {
        "H@1": 0.5329754601226994,
        "H@3": 0.7507668711656442,
        "H@10": 0.8934049079754601,
        "MRR": 0.6640740477357495
    },
    "Test": {
        "H@1": 0.49848714069591527,
        "H@3": 0.7397881996974282,
        "H@10": 0.8903177004538578,
        "MRR": 0.6407564253020837
    }
}