{
    "Train": {
        "H@1": 0.024348159509202456,
        "H@3": 0.05214723926380368,
        "H@10": 0.18232361963190183,
        "MRR": 0.08056397811316492
    },
    "Val": {
        "H@1": 0.01763803680981595,
        "H@3": 0.04754601226993865,
        "H@10": 0.16717791411042945,
        "MRR": 0.07180156481079226
    },
    "Test": {
        "H@1": 0.01739788199697428,
        "H@3": 0.046142208774583963,
        "H@10": 0.1838124054462935,
        "MRR": 0.07609533618654808
    }
}