{
    "num_train_triples": 10432,
    "num_entities": 135,
    "num_relations": 92,
    "runtime_kg_loading": 0.1457517147064209,
    "EstimatedSizeMB": 0.13260650634765625,
    "NumParam": 138784,
    "path_experiment_folder": "/home/dice/Desktop/dice-embeddings/examples/Experiments/2023-08-15 18:21:46.988962",
    "Runtime": 34.313087463378906
}