{
    "Train": {
        "H@1": 0.24961656441717792,
        "H@3": 0.4110429447852761,
        "H@10": 0.6554831288343558,
        "MRR": 0.37653273686609
    },
    "Val": {
        "H@1": 0.25766871165644173,
        "H@3": 0.4049079754601227,
        "H@10": 0.6449386503067485,
        "MRR": 0.3784009091098128
    },
    "Test": {
        "H@1": 0.23978819969742815,
        "H@3": 0.39863842662632376,
        "H@10": 0.649016641452345,
        "MRR": 0.367038199725317
    }
}