{
    "Train": {
        "H@1": 0.020897239263803682,
        "H@3": 0.036330521472392636,
        "H@10": 0.08550613496932516,
        "MRR": 0.05639766115080055
    },
    "Val": {
        "H@1": 0.01303680981595092,
        "H@3": 0.028374233128834355,
        "H@10": 0.07438650306748466,
        "MRR": 0.04837975631708442
    },
    "Test": {
        "H@1": 0.01739788199697428,
        "H@3": 0.03328290468986384,
        "H@10": 0.08396369137670197,
        "MRR": 0.054002245748158394
    }
}