{
    "Train": {
        "H@1": 0.30924079754601225,
        "H@3": 0.471146472392638,
        "H@10": 0.6565375766871165,
        "MRR": 0.4282652185547707
    },
    "Val": {
        "H@1": 0.30598159509202455,
        "H@3": 0.4493865030674847,
        "H@10": 0.6464723926380368,
        "MRR": 0.41883792453424235
    },
    "Test": {
        "H@1": 0.3040847201210287,
        "H@3": 0.46671709531013617,
        "H@10": 0.6543116490166414,
        "MRR": 0.4252046563640217
    }
}