{
    "Train": {
        "H@1": 0.5073811349693251,
        "H@3": 0.837135736196319,
        "H@10": 0.9625191717791411,
        "MRR": 0.682120029296083
    },
    "Val": {
        "H@1": 0.4578220858895706,
        "H@3": 0.7776073619631901,
        "H@10": 0.924079754601227,
        "MRR": 0.6331274529786763
    },
    "Test": {
        "H@1": 0.46747352496217853,
        "H@3": 0.7889561270801816,
        "H@10": 0.9341906202723147,
        "MRR": 0.6409523732215566
    }
}