{
    "Train": {
        "H@1": 0.1308473926380368,
        "H@3": 0.35554064417177916,
        "H@10": 0.6142638036809815,
        "MRR": 0.28623588478129264
    },
    "Val": {
        "H@1": 0.12576687116564417,
        "H@3": 0.3604294478527607,
        "H@10": 0.6035276073619632,
        "MRR": 0.28477254034307126
    },
    "Test": {
        "H@1": 0.12783661119515885,
        "H@3": 0.34493192133131617,
        "H@10": 0.6096822995461422,
        "MRR": 0.28244955526102833
    }
}