{
    "Train": {
        "H@1": 0.007093558282208589,
        "H@3": 0.03460506134969325,
        "H@10": 0.08550613496932516,
        "MRR": 0.04776103147639616
    },
    "Val": {
        "H@1": 0.006134969325153374,
        "H@3": 0.028374233128834355,
        "H@10": 0.07975460122699386,
        "MRR": 0.044103590050899824
    },
    "Test": {
        "H@1": 0.007564296520423601,
        "H@3": 0.036308623298033284,
        "H@10": 0.09531013615733737,
        "MRR": 0.04837265043826963
    }
}