{
    "Train": {
        "H@1": 0.6306556748466258,
        "H@3": 0.8007093558282209,
        "H@10": 0.9239838957055214,
        "MRR": 0.7360639026789867
    },
    "Val": {
        "H@1": 0.5230061349693251,
        "H@3": 0.7032208588957055,
        "H@10": 0.8696319018404908,
        "MRR": 0.6431416905042427
    },
    "Test": {
        "H@1": 0.49924357034795763,
        "H@3": 0.7110438729198184,
        "H@10": 0.8789712556732224,
        "MRR": 0.6326824220543441
    }
}