{
    "Train": {
        "H@1": 0.0072852760736196315,
        "H@3": 0.047737730061349695,
        "H@10": 0.15481211656441718,
        "MRR": 0.06273425701484245
    },
    "Val": {
        "H@1": 0.006134969325153374,
        "H@3": 0.0352760736196319,
        "H@10": 0.1280674846625767,
        "MRR": 0.0536736706982909
    },
    "Test": {
        "H@1": 0.0045385779122541605,
        "H@3": 0.0416036308623298,
        "H@10": 0.15809379727685324,
        "MRR": 0.06010138269203882
    }
}