{
    "num_train_triples": 10432,
    "num_entities": 135,
    "num_relations": 92,
    "runtime_kg_loading": 0.13905811309814453,
    "EstimatedSizeMB": 0.13260650634765625,
    "NumParam": 138784,
    "path_experiment_folder": "/home/dice/Desktop/dice-embeddings/examples/Experiments/2023-08-15 18:24:06.685604",
    "Runtime": 33.731292963027954
}