{
    "Train": {
        "H@1": 0.23332055214723926,
        "H@3": 0.4542753067484663,
        "H@10": 0.703316717791411,
        "MRR": 0.38745300873548566
    },
    "Val": {
        "H@1": 0.22929447852760737,
        "H@3": 0.4432515337423313,
        "H@10": 0.6947852760736196,
        "MRR": 0.38276167541949524
    },
    "Test": {
        "H@1": 0.21482602118003025,
        "H@3": 0.4462934947049924,
        "H@10": 0.6883509833585476,
        "MRR": 0.37435399036969874
    }
}