{
    "Train": {
        "H@1": 0.40054005400540055,
        "H@3": 0.990999099909991,
        "H@10": 0.9995499549954996,
        "MRR": 0.6947714414298573
    },
    "Val": {
        "H@1": 0.6458333333333334,
        "H@3": 0.9583333333333334,
        "H@10": 1.0,
        "MRR": 0.8048611111111111
    },
    "Test": {
        "H@1": 0.7291666666666666,
        "H@3": 0.9791666666666666,
        "H@10": 1.0,
        "MRR": 0.8583333333333334
    }
}