{
    "Train": {
        "H@1": 0.600364263803681,
        "H@3": 0.7961081288343558,
        "H@10": 0.91545245398773,
        "MRR": 0.7148876784714631
    },
    "Val": {
        "H@1": 0.5621165644171779,
        "H@3": 0.7384969325153374,
        "H@10": 0.8918711656441718,
        "MRR": 0.6742672194299202
    },
    "Test": {
        "H@1": 0.5310136157337367,
        "H@3": 0.7382753403933434,
        "H@10": 0.8819969742813918,
        "MRR": 0.6555957854379475
    }
}