{
    "Train": {
        "H@1": 0.16401457055214724,
        "H@3": 0.2682131901840491,
        "H@10": 0.4219708588957055,
        "MRR": 0.2593255146194566
    },
    "Val": {
        "H@1": 0.15414110429447853,
        "H@3": 0.25153374233128833,
        "H@10": 0.40797546012269936,
        "MRR": 0.24646976431752904
    },
    "Test": {
        "H@1": 0.17851739788199697,
        "H@3": 0.2844175491679274,
        "H@10": 0.41906202723146746,
        "MRR": 0.2715182917352682
    }
}