{
    "Train": {
        "H@1": 0.4256134969325153,
        "H@3": 0.6712998466257669,
        "H@10": 0.8903374233128835,
        "MRR": 0.5798524241817542
    },
    "Val": {
        "H@1": 0.3918711656441718,
        "H@3": 0.6365030674846626,
        "H@10": 0.86579754601227,
        "MRR": 0.5493628510112477
    },
    "Test": {
        "H@1": 0.39636913767019666,
        "H@3": 0.6376701966717095,
        "H@10": 0.8600605143721634,
        "MRR": 0.5493459982359791
    }
}