{
    "Train": {
        "H@1": 0.0169670245398773,
        "H@3": 0.040644171779141106,
        "H@10": 0.08109662576687117,
        "MRR": 0.05265797982770513
    },
    "Val": {
        "H@1": 0.015337423312883436,
        "H@3": 0.03144171779141104,
        "H@10": 0.08358895705521473,
        "MRR": 0.04883967696792861
    },
    "Test": {
        "H@1": 0.018910741301059002,
        "H@3": 0.038577912254160365,
        "H@10": 0.0794251134644478,
        "MRR": 0.05275455219235531
    }
}