{
    "Train": {
        "H@1": 0.4868673312883436,
        "H@3": 0.7631326687116564,
        "H@10": 0.9245590490797546,
        "MRR": 0.646632432621998
    },
    "Val": {
        "H@1": 0.4539877300613497,
        "H@3": 0.7300613496932515,
        "H@10": 0.9079754601226994,
        "MRR": 0.6156524507659921
    },
    "Test": {
        "H@1": 0.4092284417549168,
        "H@3": 0.7208774583963692,
        "H@10": 0.8963691376701967,
        "MRR": 0.5887232805060664
    }
}