{
    "num_train_triples": 5216,
    "num_entities": 135,
    "num_relations": 46,
    "runtime_kg_loading": 0.3626077175140381,
    "EstimatedSizeMB": 0.005523681640625,
    "NumParam": 5792,
    "path_experiment_folder": "/home/dice/Desktop/dice-embeddings/examples/Experiments/2023-08-24 12:43:13.369196",
    "Runtime": 38.6361825466156
}