{
    "Train": {
        "H@1": 0.11397622699386503,
        "H@3": 0.24722009202453987,
        "H@10": 0.5060391104294478,
        "MRR": 0.23609378819146615
    },
    "Val": {
        "H@1": 0.11196319018404909,
        "H@3": 0.2607361963190184,
        "H@10": 0.5168711656441718,
        "MRR": 0.23865489841455323
    },
    "Test": {
        "H@1": 0.09833585476550681,
        "H@3": 0.22768532526475038,
        "H@10": 0.4742813918305598,
        "MRR": 0.21793850916674232
    }
}