{
    "Train": {
        "H@1": 0.8515145705521472,
        "H@3": 0.9526457055214724,
        "H@10": 0.9818826687116564,
        "MRR": 0.9049869811033961
    },
    "Val": {
        "H@1": 0.6694785276073619,
        "H@3": 0.8351226993865031,
        "H@10": 0.9386503067484663,
        "MRR": 0.7677471996019155
    },
    "Test": {
        "H@1": 0.6717095310136157,
        "H@3": 0.8562783661119516,
        "H@10": 0.9402420574886535,
        "MRR": 0.771550307601881
    }
}