{
    "Train": {
        "H@1": 0.09844708588957055,
        "H@3": 0.21625766871165644,
        "H@10": 0.5023006134969326,
        "MRR": 0.22078918818732027
    },
    "Val": {
        "H@1": 0.05674846625766871,
        "H@3": 0.1495398773006135,
        "H@10": 0.40797546012269936,
        "MRR": 0.16723704494784883
    },
    "Test": {
        "H@1": 0.0718608169440242,
        "H@3": 0.14826021180030258,
        "H@10": 0.3698940998487141,
        "MRR": 0.16729681265533855
    }
}