{
    "num_train_triples": 5216,
    "num_entities": 135,
    "num_relations": 46,
    "runtime_kg_loading": 0.18514561653137207,
    "EstimatedSizeMB": 0.005523681640625,
    "NumParam": 5792,
    "path_experiment_folder": "/home/dice/Desktop/dice-embeddings/examples/Experiments/2023-08-16 13:48:02.803593",
    "Runtime": 16.855992317199707
}