{
    "Train": {
        "H@1": 0.034892638036809816,
        "H@3": 0.12758819018404907,
        "H@10": 0.3477760736196319,
        "MRR": 0.13573178283363874
    },
    "Val": {
        "H@1": 0.019171779141104295,
        "H@3": 0.09432515337423313,
        "H@10": 0.3006134969325153,
        "MRR": 0.10814780028820539
    },
    "Test": {
        "H@1": 0.03479576399394856,
        "H@3": 0.10136157337367625,
        "H@10": 0.2934947049924357,
        "MRR": 0.12036624726967823
    }
}