{
    "Train": {
        "H@1": 0.6108128834355828,
        "H@3": 0.7954371165644172,
        "H@10": 0.9224501533742331,
        "MRR": 0.7213048925438067
    },
    "Val": {
        "H@1": 0.5598159509202454,
        "H@3": 0.7292944785276073,
        "H@10": 0.8911042944785276,
        "MRR": 0.6722507797885342
    },
    "Test": {
        "H@1": 0.5476550680786687,
        "H@3": 0.7239031770045385,
        "H@10": 0.8925869894099848,
        "MRR": 0.6608873552064664
    }
}