{
    "num_train_triples": 5216,
    "num_entities": 135,
    "num_relations": 46,
    "runtime_kg_loading": 0.12746357917785645,
    "EstimatedSizeMB": 0.005523681640625,
    "NumParam": 5792,
    "path_experiment_folder": "/home/dice/Desktop/dice-embeddings/examples/Experiments/2023-08-21 15:32:03.608100",
    "Runtime": 31.81133484840393
}