{
    "Train": {
        "H@1": 0.20561733128834356,
        "H@3": 0.4121932515337423,
        "H@10": 0.6847200920245399,
        "MRR": 0.3591164814582448
    },
    "Val": {
        "H@1": 0.20552147239263804,
        "H@3": 0.4179447852760736,
        "H@10": 0.6702453987730062,
        "MRR": 0.35901896440204745
    },
    "Test": {
        "H@1": 0.20574886535552195,
        "H@3": 0.405446293494705,
        "H@10": 0.6694402420574886,
        "MRR": 0.35589931234423494
    }
}