{
    "Train": {
        "H@1": 0.017158742331288345,
        "H@3": 0.03565950920245399,
        "H@10": 0.06901840490797546,
        "MRR": 0.04958636508125397
    },
    "Val": {
        "H@1": 0.01687116564417178,
        "H@3": 0.028374233128834355,
        "H@10": 0.07515337423312883,
        "MRR": 0.04786563685762584
    },
    "Test": {
        "H@1": 0.018154311649016642,
        "H@3": 0.03177004538577912,
        "H@10": 0.0680786686838124,
        "MRR": 0.04869474707905962
    }
}