{
    "Train": {
        "H@1": 0.3469133435582822,
        "H@3": 0.6120590490797546,
        "H@10": 0.8487346625766872,
        "MRR": 0.5174152252221018
    },
    "Val": {
        "H@1": 0.2921779141104294,
        "H@3": 0.5529141104294478,
        "H@10": 0.8098159509202454,
        "MRR": 0.4625716993169055
    },
    "Test": {
        "H@1": 0.2866868381240545,
        "H@3": 0.5688350983358548,
        "H@10": 0.8093797276853253,
        "MRR": 0.46468869630013154
    }
}