{
    "Train": {
        "H@1": 0.020034509202453987,
        "H@3": 0.036330521472392636,
        "H@10": 0.08579371165644172,
        "MRR": 0.05576099702696386
    },
    "Val": {
        "H@1": 0.012269938650306749,
        "H@3": 0.026840490797546013,
        "H@10": 0.08588957055214724,
        "MRR": 0.04855618872217239
    },
    "Test": {
        "H@1": 0.01588502269288956,
        "H@3": 0.0340393343419062,
        "H@10": 0.07413010590015129,
        "MRR": 0.04972511394812982
    }
}