{
    "Train": {
        "H@1": 0.34355828220858897,
        "H@3": 0.6059240797546013,
        "H@10": 0.8655099693251533,
        "MRR": 0.5140346663485572
    },
    "Val": {
        "H@1": 0.32131901840490795,
        "H@3": 0.5843558282208589,
        "H@10": 0.852760736196319,
        "MRR": 0.4937084543754995
    },
    "Test": {
        "H@1": 0.29046898638426627,
        "H@3": 0.5658093797276853,
        "H@10": 0.8388804841149773,
        "MRR": 0.47122605696010234
    }
}