{
    "Train": {
        "H@1": 0.018404907975460124,
        "H@3": 0.04495782208588957,
        "H@10": 0.1048696319018405,
        "MRR": 0.061042167760465345
    },
    "Val": {
        "H@1": 0.01303680981595092,
        "H@3": 0.03834355828220859,
        "H@10": 0.09662576687116564,
        "MRR": 0.055833634699680564
    },
    "Test": {
        "H@1": 0.0113464447806354,
        "H@3": 0.039334341906202726,
        "H@10": 0.0907715582450832,
        "MRR": 0.054409445615214574
    }
}