{
    "Train": {
        "H@1": 0.18069401840490798,
        "H@3": 0.34528374233128833,
        "H@10": 0.589532208588957,
        "MRR": 0.3104728565088917
    },
    "Val": {
        "H@1": 0.17024539877300612,
        "H@3": 0.3236196319018405,
        "H@10": 0.5644171779141104,
        "MRR": 0.2959130777507424
    },
    "Test": {
        "H@1": 0.1838124054462935,
        "H@3": 0.348714069591528,
        "H@10": 0.5801815431164902,
        "MRR": 0.31065127516847596
    }
}