{
    "Train": {
        "H@1": 0.676284509202454,
        "H@3": 0.8274539877300614,
        "H@10": 0.9380751533742331,
        "MRR": 0.7685273295937345
    },
    "Val": {
        "H@1": 0.5590490797546013,
        "H@3": 0.7392638036809815,
        "H@10": 0.8773006134969326,
        "MRR": 0.6725759707655692
    },
    "Test": {
        "H@1": 0.5340393343419062,
        "H@3": 0.7148260211800302,
        "H@10": 0.8812405446293494,
        "MRR": 0.6527564204190001
    }
}