{
    "Train": {
        "H@1": 0.16420628834355827,
        "H@3": 0.28901457055214724,
        "H@10": 0.4737346625766871,
        "MRR": 0.2718516687095118
    },
    "Val": {
        "H@1": 0.1602760736196319,
        "H@3": 0.2630368098159509,
        "H@10": 0.46932515337423314,
        "MRR": 0.26307931923717
    },
    "Test": {
        "H@1": 0.15960665658093798,
        "H@3": 0.2692889561270802,
        "H@10": 0.46671709531013617,
        "MRR": 0.26229287387342876
    }
}