{
    "Train": {
        "H@1": 0.11570168711656442,
        "H@3": 0.25996932515337423,
        "H@10": 0.5161042944785276,
        "MRR": 0.24076300327735134
    },
    "Val": {
        "H@1": 0.09969325153374232,
        "H@3": 0.1955521472392638,
        "H@10": 0.4624233128834356,
        "MRR": 0.2068856952436664
    },
    "Test": {
        "H@1": 0.09682299546142209,
        "H@3": 0.2344931921331316,
        "H@10": 0.49546142208774585,
        "MRR": 0.21813408722980854
    }
}