{
    "num_train_triples": 5216,
    "num_entities": 135,
    "num_relations": 46,
    "runtime_kg_loading": 0.11236858367919922,
    "EstimatedSizeMB": 0.005523681640625,
    "NumParam": 5792,
    "path_experiment_folder": "/home/dice/Desktop/dice-embeddings/examples/Experiments/2023-08-23 18:31:07.749554",
    "Runtime": 32.228344440460205
}