{
    "Train": {
        "H@1": 0.23686733128834356,
        "H@3": 0.42753067484662577,
        "H@10": 0.6427338957055214,
        "MRR": 0.3709209807912605
    },
    "Val": {
        "H@1": 0.24386503067484663,
        "H@3": 0.4233128834355828,
        "H@10": 0.6380368098159509,
        "MRR": 0.37232996793525047
    },
    "Test": {
        "H@1": 0.23600605143721634,
        "H@3": 0.43116490166414523,
        "H@10": 0.640695915279879,
        "MRR": 0.37071473210743644
    }
}