{
    "Train": {
        "H@1": 0.2289110429447853,
        "H@3": 0.40922162576687116,
        "H@10": 0.6662193251533742,
        "MRR": 0.36713866535402034
    },
    "Val": {
        "H@1": 0.22699386503067484,
        "H@3": 0.40337423312883436,
        "H@10": 0.6556748466257669,
        "MRR": 0.3593295734490849
    },
    "Test": {
        "H@1": 0.2118003025718608,
        "H@3": 0.3827534039334342,
        "H@10": 0.6543116490166414,
        "MRR": 0.3464352488801106
    }
}