{
    "num_train_triples": 5216,
    "num_entities": 135,
    "num_relations": 46,
    "runtime_kg_loading": 0.21938776969909668,
    "EstimatedSizeMB": 0.005523681640625,
    "NumParam": 5792,
    "path_experiment_folder": "/home/dice/Desktop/dice-embeddings/examples/Experiments/2023-08-16 14:59:41.086874",
    "Runtime": 37.689861536026
}