{
    "Train": {
        "H@1": 0.025690184049079755,
        "H@3": 0.04543711656441718,
        "H@10": 0.09978911042944785,
        "MRR": 0.061985968086211825
    },
    "Val": {
        "H@1": 0.02147239263803681,
        "H@3": 0.0352760736196319,
        "H@10": 0.09739263803680982,
        "MRR": 0.05622871947879599
    },
    "Test": {
        "H@1": 0.02118003025718608,
        "H@3": 0.038577912254160365,
        "H@10": 0.08472012102874432,
        "MRR": 0.05516311187238696
    }
}