{
    "Train": {
        "H@1": 0.3028802880288029,
        "H@3": 0.454995499549955,
        "H@10": 0.6201620162016201,
        "MRR": 0.41016625256193673
    },
    "Val": {
        "H@1": 0.10416666666666667,
        "H@3": 0.1875,
        "H@10": 0.3333333333333333,
        "MRR": 0.17931268875929104
    },
    "Test": {
        "H@1": 0.14583333333333334,
        "H@3": 0.20833333333333334,
        "H@10": 0.3958333333333333,
        "MRR": 0.2151042796087399
    }
}