{
    "Train": {
        "H@1": 0.8761503067484663,
        "H@3": 0.941717791411043,
        "H@10": 0.9914685582822086,
        "MRR": 0.9148202934652233
    },
    "Val": {
        "H@1": 0.5958588957055214,
        "H@3": 0.7684049079754601,
        "H@10": 0.9256134969325154,
        "MRR": 0.7038342839077382
    },
    "Test": {
        "H@1": 0.5816944024205749,
        "H@3": 0.7549167927382754,
        "H@10": 0.9273827534039334,
        "MRR": 0.6920447558131796
    }
}