{
    "Train": {
        "H@1": 0.33013803680981596,
        "H@3": 0.4975076687116564,
        "H@10": 0.6847200920245399,
        "MRR": 0.45127172791394876
    },
    "Val": {
        "H@1": 0.3205521472392638,
        "H@3": 0.48619631901840493,
        "H@10": 0.6717791411042945,
        "MRR": 0.44135442278220366
    },
    "Test": {
        "H@1": 0.329803328290469,
        "H@3": 0.4856278366111952,
        "H@10": 0.6883509833585476,
        "MRR": 0.44714450398188094
    }
}