{
    "num_train_triples": 10432,
    "num_entities": 135,
    "num_relations": 92,
    "runtime_kg_loading": 0.3623661994934082,
    "EstimatedSizeMB": 0.006927490234375,
    "NumParam": 7264,
    "path_experiment_folder": "/home/dice/Desktop/dice-embeddings/examples/Experiments/2023-08-16 13:46:43.101075",
    "Runtime": 20.834142446517944
}